Start_Time,End_Time,Text_Rationale,Image_Path,Vision_Rationale,Vibration_Result
"00:00:23,267","00:00:27,963",[멀리서 속삭이는 소리],Rationale/000023.jpg,"The image shows a young woman lying in bed with her eyes closed, giving the impression that she is asleep. The lighting is dim and predominantly blue-toned, suggesting it is night time or the scene is set in a dark room. The bed linens are tousled, and there are some clothes and items scattered on the floor next to the bed. This creates a casual, lived-in atmosphere. Her peaceful expression contributes to a calm and restful ambiance.","[1, 2, 6]"
"00:00:30,310","00:00:37,343",[조용히 스산한 음악],Rationale/000030.jpg,"The image shows a person who appears to be sleeping. They are lying on their back in bed with a pillow under their head and are covered with a blanket. The lighting in the room is dim, suggesting that it might be nighttime. There are some clothes and possibly other items scattered on the floor beside the bed, indicating a casual or untidy setting. The person's hands are resting on the blanket, and their eyes are closed. If you have any more questions about the image or need further descriptions","[1, 2, 6]"
"00:00:43,716","00:00:45,363",[거친 숨소리],Rationale/000043.jpg,"This image portrays a dimly lit indoor scene, presumably in a bedroom. There are two people situated at different sides of a bed, creating a sense of distance or separation between them. The person on the left is lying on the bed facing away from the other person, while the individual on the right sits on the floor with their knees drawn up, creating a posture that seems reflective or troubled.

The general state of the room appears messy and cluttered, with various items scattered across the floor, such","[0, 2, 8]"
"00:01:17,167","00:01:18,300",[소심한 한숨 소리],Rationale/000117.jpg,"The image shows a close-up of a woman in a contemplative or potentially distressed state. She is indoors, with her gaze directed downwards and off to the side, which may suggest she is deep in thought or feeling emotion. The setting looks residential, and the shallow depth of field focuses on her face, blurring the background to draw attention to her expression. It seems to be a still from a movie or television show, given the quality and framing of the shot.","[0, 2, 8]"
"00:01:24,700","00:01:25,700",[문을 두드리는 소리],Rationale/000124.jpg,"This is an image showing two women sitting on the floor of a room that appears disordered and somewhat messy, with items such as clothing, bottles, papers, and trash scattered on the floor. Both women seem to be looking towards something outside of the frame, giving them a contemplative or concerned expression. The room also features a bed, a TV, and a bookshelf, with various posters and notes on the wall, which might suggest a personal living space such as a bedroom or a dorm room","[0, 3, 8]"
"00:01:28,700","00:01:30,296",[큰 고함 소리],Rationale/000128.jpg,"In this image, you see two people who look identical, suggesting that they might be twins or that it is a digital manipulation to create the illusion of duplication. They are seated on the floor in a room that appears to be somewhat untidy, with various items scattered around, such as papers, clothing, and empty bottles.

The room is modestly furnished, with a bed, a dresser, and a small bookshelf. On the walls, there are posters and notes, indicating that the occupants might","[0, 3, 8]"
"00:01:36,833","00:01:40,550",[멀리서 들리는 비행기 소리],Rationale/000136.jpg,"This image displays an airplane captured at a relatively high altitude from the ground. The plane, with its wings spread, is seen against the backdrop of a dark or overcast sky, indicating it could be either flying through dark clouds or that the photo was taken during twilight or nighttime conditions. The image is dark and the visibility is low, hence the details of the plane's make, model, or livery are not discernible.","[0, 4, 7]"
"00:02:00,433","00:02:03,070",[그릇 부딪히는 소리],Rationale/000200.jpg,"This image shows a close-up, somewhat blurred view of what appears to be a liquid being poured into a bowl from above. The focus of the image is on the stream of liquid, with the source and the bowl itself out of focus. The color of the liquid is not clearly discernible due to the lack of focus and the overall soft lighting of the scene. The bowl has a reflective golden-colored interior. Without more context or a clearer image, it is not possible to determine the exact nature of","[0, 2, 8]"
"00:02:04,500","00:02:07,370",[조용한 물소리],Rationale/000204.jpg,"This image shows hands submerged in water, appearing to wash or rinse a piece of blue fabric inside a white bucket or basin. The action suggests some form of hand laundering, which is a personal or domestic task often performed to clean clothing or other fabric items. The hands are focused on the task and demonstrate a common life skill or chore.","[2, 5]"
"00:02:33,600","00:02:36,543",[조용한 새소리],Rationale/000233.jpg,"This is an image of a person with an introspective or thoughtful expression. The individual is in a setting that includes what looks like a portion of a wooden door frame and brickwork, probably indoors. The shallow depth of field used in taking the photograph emphasizes the person's face by blurring the background and part of the foreground. The soft lighting accentuates the person's features gently and creates a serene ambiance.","[1, 4, 7]"
"00:02:45,367","00:02:57,770",[경쾌한 밝은 음악],Rationale/000245.jpg,"This is a serene image of a clear blue sky with some scattered cumulus clouds. The clouds appear fluffy and white, suggesting it's a fair weather day. The sunlight is visible on the left side of the image, creating a lens flare effect, indicating that the photo might have been taken during the morning or afternoon. The overall feeling of the image is calm and open, and it might be the kind of image used as a background or for calming aesthetic purposes.","[2, 2]"
